TaskID,Ground Truth,UI Elements
Docker_task-1_OFF,CLICK 'Settings Dropdown' -> CLICK 'Privacy' Link -> CLICK 'Opt out of sharing anonymized usage data' CHECKBOX -> CLICK 'Save',"Dropdown, Link, Checkbox, Button"
Docker_task-1_ON,CLICK 'Settings Dropdown' -> CLICK 'Privacy' Link -> 'Opt out of sharing anonymized usage data' CHECKBOX already checked -> CLICK 'Save',"Dropdown, Link, Checkbox, Button"
Docker_task-4,"CLICK 'Settings Dropdown' -> CLICK 'Personal Access Tokens' -> CLICK 'Generate new token' -> ENTER 'Full_Permissions_Token' -> SELECT 'Read, Write, Delete' -> CLICK 'Generate'","Dropdown, Link, Button, Text Input, Dropdown, Button"
Docker_task-2,CLICK 'Settings Dropdown' -> CLICK 'Personal Access Tokens' -> CLICK 'Generate new token' -> ENTER 'Read-only 30-day token' -> SELECT 'Read-only' -> SELECT '30 Days' -> CLICK 'Generate',"Dropdown, Link, Button, Text Input, Dropdown, Button"
Docker_task-3,CLICK 'Settings Dropdown' -> CLICK 'Personal Access Tokens' -> CLICK 'Generate new token' -> ENTER 'primary developer token' -> SELECT 'Read & Write' -> SELECT '90 Days' -> CLICK 'Generate',"Dropdown, Link, Button, Text Input, Dropdown, Button"
Wolfram_task-8_ON,CLICK 'Manage' button -> CLICK 'Wolfram Research' toggle -> DISABLE all toggles -> CLICK 'Wolfram Alpha' toggle -> DISABLE all toggles,"Button, Toggle"
Wolfram_task-8_OFF,CLICK 'Manage' button -> CLICK 'Wolfram Research' toggle -> all toggles disabled -> CLICK 'Wolfram Alpha' toggle -> all toggles disabled,"Button, Toggle"
Wolfram_task-7_OFF,CLICK 'Manage' button -> CLICK 'Wolfram Research' toggle -> ENABLE 'Newsletters and Announcements' toggle -> CLICK 'Wolfram Alpha' Link -> ENABLE 'Product Updates' toggle,"Button, Toggle, Link"
Wolfram_task-7_ON,CLICK 'Manage' button -> CLICK 'Wolfram Research' toggle -> DISABLE other toggles -> CLICK 'Wolfram Alpha' Link -> DISABLE other toggles,"Button, Toggle, Link"
Wolfram_task-9_ON,CLICK 'Manage' button -> CLICK 'Wolfram Research' toggle -> DISABLE all toggles -> CLICK 'Wolfram Alpha' toggle -> toggles ENABLED,"Button, Toggle"
Grammarly_task-16_OFF,CLICK Account -> CLICK Settings -> CLICK Privacy -> Targeted advertising control toggle disabled,"Button, Toggle"
Grammarly_task-16_ON,CLICK Account -> CLICK Settings -> CLICK Privacy -> DISABLE 'Targeted advertising control' toggle,"Button, Toggle"
Grammarly_task-17_OFF,CLICK Account -> CLICK Settings -> CLICK Feature customization -> Personalized insights switch disabled,"Button, Link, Toggle"
Grammarly_task-17_ON,CLICK Account -> CLICK Settings -> CLICK Feature customization -> DISABLE Personalized insights switch,"Button, Link, Toggle"
Grammarly_task-18_OFF,CLICK Account -> CLICK Settings -> CLICK Feature customization -> 'show generative AI' switch disabled,"Button, Toggle"
Grammarly_task-18_ON,CLICK Account -> CLICK Settings -> CLICK Feature customization -> DISABLE 'show generative AI' switch,"Button, Toggle"
Grammarly_task-19_ON,CLICK Account -> CLICK Settings -> CLICK Security Overview -> DISABLE 'Product Improvement and Training' switch,"Button, Toggle"
Wolfram_task-10_OFF,CLICK 'Profile' dropdown -> CLICK 'Account' -> CLICK 'Wolfram ID' -> CLICK 'Manage' -> CLICK 'Wolfram Research' toggle -> ENABLE 'Webinars & Training' toggle -> CLICK 'Wolfram Alpha' toggle -> toggles disabled,"Dropdown, Option, Link, Button, Toggle"
Wolfram_task-10_ON,CLICK 'Profile' dropdown -> CLICK 'Account' -> CLICK 'Wolfram ID' -> CLICK 'Manage' -> CLICK 'Wolfram Research' toggle -> DISABLE toggles -> CLICK 'Wolfram Alpha' toggle -> DISABLE toggles,"Dropdown, Option, Link, Button, Toggle"
Wolfram_task-9_OFF,CLICK 'Profile' dropdown -> CLICK 'Account' -> CLICK 'Wolfram ID' -> CLICK 'Manage' -> CLICK 'Wolfram Research' toggle -> toggles ENABLED -> CLICK 'Wolfram Alpha' toggle -> DISABLE toggles,"Dropdown, Option, Link, Button, Toggle"
Grammarly_task-19_OFF,CLICK Account -> CLICK Settings -> CLICK Security Overview -> DISABLE 'Product Improvement and Training',"Button, Toggle"
Grammarly_task-20,CLICK Account -> CLICK Settings -> CLICK Security Overview -> CLICK 'Submit request',Button
Grammarly_task-24,CLICK Account -> CLICK Settings -> CLICK 'Your devices' -> CLICK 'Sign out of all other devices' -> CLICK 'Sign out',Button
OldReddit_task-56_OFF,CLICK preferences link -> CLICK unsubscribe from all emails Checkbox -> CLICK 'Save options',"Link, Checkbox, Button"
OldReddit_task-56_ON,CLICK preferences link -> CLICK options Link -> unsubscribe from all emails CHECKBOX checked,"Link, Link, Checkbox"
OldReddit_task-57_OFF,CLICK 'preferences' link -> 'let others see my online status' CHECKBOX disabled -> CLICK 'save options',"Link, Checkbox, Button"
OldReddit_task-57_ON,CLICK 'preferences' link -> DISABLE 'let others see my online status' CHECKBOX -> CLICK 'save options',"Link, Checkbox, Button"
OldReddit_task-58_OFF,CLICK preferences link -> 'show user flair' CHECKBOX disabled,"Link, Checkbox"
OldReddit_task-58_ON,CLICK 'preferences' link -> DISABLE 'show user flair' CHECKBOX -> CLICK 'save options',"Link, Checkbox, Button"
OldReddit_task-59,CLICK preferences link -> DISABLE Autoplay Reddit videos CHECKBOX -> CLICK save options,"Link, Checkbox, Button"
AllRecipes_task-154,SCROLL to footer -> CLICK 'Your Privacy Choices' -> CLICK 'Your Targetting cookies' Link -> DISABLE 'Targeted Cookies' toggle -> CLICK 'Confirm my Choices',"Link, Link, Toggle, Button"
Coursera_task-155,SCROLL to footer -> CLICK 'Do Not Sell/Share' -> DISABLE 'Functional Cookies' -> DISABLE 'Marketing Cookies' -> DISABLE 'Analytics Cookies' -> CLICK 'Confirm my Choices',"Link, Toggle, Button"
Coursera_task-156,SCROLL to footer -> CLICK 'Do Not Sell/Share' -> 'Functional cookies' enabled -> DISABLE 'Marketing cookies' -> DISABLE 'Analytics cookies' -> CLICK 'Confirm my choices',"Link, Toggle, Button"
Coursera_task-157,SCROLL to footer -> CLICK 'Do Not Sell/Share' -> 'Marketing cookies' enabled -> 'Analytics cookies' enabled -> DISABLE 'Functional cookies' -> CLICK 'Confirm my choices',"Link, Toggle, Button"
Docker_task-142,SCROLL to footer -> CLICK 'Do Not Sell/Share' -> DISABLE Performance Cookies -> DISABLE Targeting Cookies -> Functional Cookies enabled -> CLICK Confirm My Choices,"Link, Toggle, Button"
Docker_task-143,SCROLL to footer -> CLICK 'Do Not Sell/Share' -> 'Targeting Cookies' enabled -> DISABLE 'Functional Cookies' -> DISABLE 'Performance Cookies' -> CLICK Confirm my choices,"Link, Toggle, Button"
Docker_task-144,SCROLL to footer -> CLICK 'Do Not Sell/Share' -> DISABLE Functional Cookies -> DISABLE Performance Cookies -> DISABLE Targeting Cookies -> CLICK Confirm my choices,"Link, Toggle, Button"
Goodreads_task-100,CLICK Profile icon -> CLICK Account settings -> CLICK Apps Link -> CLICK Disconnect Amazon Account link -> CLICK Disconnect Amazon Account button,"Icon, Link, Link, Button"
Goodreads_task-101,CLICK Profile icon -> CLICK Account settings -> CLICK profile Link -> SELECT 'no one' radio buttons -> CLICK Save Profile Settings,"Icon, Link, Link, Radio Button, Button"
Goodreads_task-102_OFF,CLICK Profile icon -> CLICK Account settings -> CLICK account & notifcation Link -> CLICK Allow non-friends to comment CHECKBOX -> CLICK Save Profile Settings,"Icon, Link, Link, Checkbox, Button"
Goodreads_task-102_ON,CLICK Profile icon -> CLICK Account settings -> CLICK account & notifcation Link -> CLICK Allow non-friends to comment CHECKBOX -> CLICK Save Profile Settings,"Icon, Link, Link, Checkbox, Button"
Goodreads_task-75,SCROLL to footer -> CLICK 'Interest-Based Ads' -> CLICK 'Advertising Preferences' -> CLICK RADIO-BUTTON 'Do Not show' -> CLICK 'Submit',"Link, Radio Button, Button"
Goodreads_task-99,CLICK Profile icon -> CLICK Account settings -> CLICK account & notifcations Link -> SELECT 'just my Friends' radio buttons -> CLICK Save Account Settings,"Icon, Link, Link, Radio Button, Button"
IKEA_task-158,SCROLL to footer -> CLICK 'Cookie settings' -> DISABLE 'analytic cookies' toggle -> CLICK 'Confirm my choices',"Link, Toggle, Button"
IKEA_task-159,SCROLL to footer -> CLICK 'YCookie settings' -> ENABLE 'Analytic cookies' toggle -> CLICK 'Confirm my choices',"Link, Toggle, Button"
NVIDIA_task-145,SCROLL to footer -> CLICK 'Your Privacy choices' -> CLICK 'Cookie Settings' -> CLICK 'nvidia.com cookie settings' -> DISABLE Performance -> DISABLE Personalization -> DISABLE Advertising -> CLICK 'Save and Accept',"Link, Toggle, Button"
NVIDIA_task-146,SCROLL to footer -> CLICK 'Your Privacy choices' -> CLICK 'Cookie Settings' -> CLICK 'nvidia.com cookie settings' -> Personalization enabled -> DISABLE Performance -> DISABLE Advertising -> CLICK 'Save and Accept',"Link, Toggle, Button"
NVIDIA_task-147,SCROLL to footer -> CLICK 'Your Privacy choices' -> CLICK 'Cookie Settings' -> CLICK 'nvidia.com cookie settings' -> Performance enabled -> Advertising enabled -> DISABLE Personalization -> CLICK 'Confirm My Choices',"Link, Toggle, Button"
OldReddit_task-60,CLICK 'preferences' link -> CLICK 'don't show thumbnails' RADIO-BUTTON -> CLICK 'save options',"Link, Radio Button, Button"
Shein_task-161,SCROLL to footer -> CLICK 'Manage cookies' -> DISABLE Performance -> DISABLE Functional -> DISABLE Targeting -> CLICK 'Confirm My Choices',"Link, Toggle, Button"
Shein_task-162,SCROLL to footer -> CLICK 'Manage cookies' -> ENABLE Functional -> DISABLE Social Media -> DISABLE Targeting -> CLICK 'Confirm My Choices',"Link, Toggle, Button"
Shein_task-163,SCROLL to footer -> CLICK 'Manage cookies' -> ENABLE Targeting -> DISABLE Performance -> DISABLE Functional -> CLICK 'Confirm My Choices',"Link, Toggle, Button"
Airbnb_task-180,SCROLL to footer -> CLICK 'Your Privacy Choices' -> CLICK 'I WANT TO OPT OUT',"Link, Button"
AlJazeera_task-179,SCROLL to footer -> CLICK 'Cookie Preferences' -> ENABLE 'Opt out' toggle -> CLICK 'Confirm my choices',"Link, Toggle, Button"
BBC_task-167,SCROLL to footer -> CLICK Cookies link -> CLICK Cookie settings button -> SELECT 'Do not use functional cookies' RADIO-BUTTON -> SELECT 'Do not use performance cookies' RADIO-BUTTON,"Link, Button, Radio Button"
BBC_task-168,SCROLL to footer -> CLICK 'Cookies' link -> CLICK 'How can I change my BBC cookie settings' -> SELECT 'use functional cookies' RADIO-BUTTON -> SELECT 'Do not use performance cookies' RADIO-BUTTON,"Link, Radio Button"
BBC_task-169,SCROLL to footer -> CLICK 'Cookies' link -> CLICK 'How can I change my BBC cookie settings' -> SELECT 'Do not use functional cookies' RADIO-BUTTON -> SELECT 'use performance cookies' RADIO-BUTTON,"Link, Radio Button"
Coursera_task-182,CLICK Profile icon -> CLICK Settings -> CLICK Communication Preferences Link -> CLICK Opt-out CHECKBOX,"Icon, Button, Link, Checkbox"
Coursera_task-183,CLICK Profile icon -> CLICK Settings -> CLICK account Link -> CLICK send report,"Icon, Button, Link"
Coursera_task-203,CLICK Profile icon -> CLICK Settings -> CLICK Communication Preferences Link -> ENABLE Weekly recommendations -> DISABLE Announcements -> DISABLE Marketing -> DISABLE Coursera research -> DISABLE Partner research -> CLICK SAVE,"Icon, Button, Link, Checkbox"
GitHub_task-126,CLICK repository link -> CLICK Settings Link -> SCROLL to Danger Zone -> CLICK Change visibility -> CLICK Change to private -> CLICK I want to make private -> CLICK I have read effects -> CLICK Make private,"Link, Link, Button"
GitHub_task-127_OFF,CLICK profile ICON -> CLICK Settings link -> CLICK Public profile -> ENABLE Make profile private CHECKBOX -> CLICK update prefrences,"Icon, Link, Checkbox, Button"
GitHub_task-127_ON,CLICK profile ICON -> CLICK Settings link -> CLICK Public profile -> ENABLE Make profile private CHECKBOX,"Icon, Link, Checkbox"
GitHub_task-129_OFF,CLICK profile ICON -> CLICK Settings link -> CLICK Notifications link -> ENABLE pull request Reviews CHECKBOX -> ENABLE Pushes CHECKBOX -> Comments CHECKBOX DISABLED,"Icon, Link, Checkbox"
GitHub_task-129_ON,CLICK profile ICON -> CLICK Settings link -> CLICK Notifications link -> pull request Reviews checked -> Pushes checked -> DISABLED Comments CHECKBOX,"Icon, Link, Checkbox"
GitHub_task-130_OFF,CLICK profile ICON -> CLICK Settings link -> CLICK Notifications link -> ENABLE In-product messages toggle,"Icon, Link, Toggle"
GitHub_task-130_ON,CLICK profile ICON -> CLICK Settings link -> CLICK Notifications link -> In-product messages toggle enabled,"Icon, Link, Toggle"
GitHub_task-131,CLICK profile ICON -> CLICK Settings link -> CLICK Notifications link -> SELECT 'send weekly' from Email digest dropdown,"Icon, Link, Dropdown"
GitHub_task-132,CLICK profile ICON -> CLICK Settings link -> CLICK Developer settings link -> CLICK Personal access tokens link -> CLICK Tokens (classic) Link -> CLICK Generate new token dropdown -> CLICK Generate new token (classic) -> ENTER 'New Token' -> ENABLE read:org scope CHECKBOX -> CLICK Generate token,"Icon, Link, Link, Dropdown, Option, Text Input, Checkbox, Button"
GitHub_task-133,CLICK profile ICON -> CLICK Settings link -> CLICK Sessions -> CLICK Deatils on session -> CLICK revoke session,"Icon, Link, Button"
GitHub_task-134_OFF,CLICK profile ICON -> CLICK Settings -> CLICK Code security -> Push protection OFF -> CLICK Enable -> CLICK Enable in popup,"Icon, Link, Button"
GitHub_task-134_ON,CLICK user profile icon -> CLICK Settings -> CLICK Code security ->  'Push protection for yourself' is already enabled.,"Icon, Link"
GitHub_task-135_OFF,CLICK user profile icon -> CLICK Settings -> CLICK Code security link -> CLICK 'Enable all' button -> CLICK 'Enable Private vulnerability reporting' in modal,"Icon, Link, Button"
GitHub_task-135_ON,CLICK user profile icon -> CLICK Settings -> CLICK Code security link ->  'Private vulnerability reporting' is already enabled,"Icon, Link, "
Goal_task-93_OFF,CLICK Profile avatar -> CLICK Preferences -> DISABLE Marketing toggle -> DISABLE Customer Research toggle -> DISABLE Goal Newsletters toggle,"Icon, Link, Toggle"
Goal_task-93_ON,CLICK User profile icon -> CLICK Preferences -> DISABLE Marketing toggle -> DISABLE Customer Research toggle -> DISABLE Goal Newsletters toggle,"Icon, Link, Toggle"
Goal_task-94_OFF,CLICK Profile icon -> CLICK Preferences -> ENABLE Goal Newsletters toggle -> DISABLE Marketing toggle -> DISABLE Customer Research toggle,"Icon, Link, Toggle"
Goal_task-94_ON,CLICK User profile button -> CLICK Preferences Link -> CONFIRM Goal Newsletters enabled -> DISABLE Marketing toggle -> DISABLE Customer Research toggle,"Button, Link, Toggle"
Goal_task-95_OFF,CLICK user profile icon -> CLICK Preferences -> ENABLE Customer Research toggle -> ENABLE Goal Newsletters toggle -> Marketing toggle disabled,"Icon, Link, Toggle"
Goal_task-95_ON,CLICK User Profile icon -> CLICK Preferences Link -> ENABLE Customer Research toggle -> ENABLE Goal Newsletters toggle -> DISABLE Marketing toggle,"Icon, Link, Toggle"
GoogleAdCenter_task-138_OFF,CLICK 'Customize ads' -> CLICK the 'TOPICS' Link -> SCROLL to the 'Pets & animals' topic -> CLICK the '+' button for 'Pets & animals' -> SCROLL to the 'Music & audio' topic -> CLICK the '+' button for 'Music & audio' -> SCROLL to the 'Clothing' topic -> CLICK the '-' button for 'Clothing',"Link, Button"
GoogleAdCenter_task-138_ON,CLICK 'Customize ads' -> CLICK the 'TOPICS' Link -> The plus icon button should already be pressed about 'Pets & animals' -> The plus icon button should already be pressed about 'Music & audio' -> The minus icon button should already be pressed about 'Clothing',"Link, Button"
GoogleAdCenter_task-139,CLICK 'Customize ads' -> CLICK the 'Brand' Link -> CLICK the '-' button for the first brand in the 'Your brands' list,"Link, Button"
GoogleAdCenter_task-140,CLICK 'Customize ads' -> CLICK the 'Brand' Link -> CLICK the '+' button for the first brand in the 'Your brands' list,"Link, Button"
GoogleAdCenter_task-141,CLICK the 'Manage Privacy' link -> CLICK the 'My activity' link -> CLICK the three dots in the header -> CLICK the 'Delete ALL' button in the dropdown -> CLICK the 'Delete' button,"Link, Icon, Dropdown, Button"
GoogleAdCenter_task-82_OFF,CLICK on the 'Customize ads' Link -> CLICK the 'Sensitive topics' Link -> OBSERVE that the 'Dating' toggle is already in the OFF position -> OBSERVE that the 'Gambling' toggle is already in the OFF position,"Link, Toggle"
GoogleAdCenter_task-82_ON,CLICK on the 'Customize ads' Link -> CLICK the 'Sensitive topics' Link -> DISABLE the toggle switch for the 'Dating' topic -> DISABLE the toggle switch for the 'Gambling' topic,"Link, Toggle"
HuggingFace_task-113,CLICK the user profile icon in the top right corner -> CLICK the 'Profile' link from the dropdown menu -> CLICK the 'random-bu-agent-data2' dataset link -> CLICK the 'Settings' Link -> SCROLL to the 'Dataset visibility' section -> CLICK the 'Make private' button,"Icon, Link, Link, Button"
HuggingFace_task-114,CLICK the user profile icon in the header -> CLICK the 'Profile' link in the dropdown menu -> CLICK the 'cancer-classification1' dataset card -> CLICK the 'Settings' Link -> CLICK the 'Make private' button -> CLICK the user profile button in the header -> CLICK the 'Profile' link -> CLICK the 'buagent-best-sota2' model card -> CLICK the 'Settings' Link -> CLICK the 'Make private' button,"Icon, Link, Link, Button"
HuggingFace_task-116,CLICK the profile ICON in the top right corner -> CLICK the 'Profile' link from the dropdown -> CLICK the 'random-bu-agent-data2' dataset card -> CLICK the 'Edit dataset card' button -> EDIT the 'license ' textbox -> ENTER 'cc' into the 'text field' -> CLICK the 'Commit changes to main' button,"Icon, Link, Button, Text Input"
HuggingFace_task-117,CLICK the user profile ICON in the top right corner -> CLICK the 'New Dataset' link from the dropdown menu -> ENTER 'random-bu-agent-data-2025-09-22' into the 'Dataset name' text input -> SELECT 'gpl-3.0' from the 'License' dropdown -> CLICK the 'Private' RADIO-BUTTON -> CLICK the 'Create dataset' button,"Icon, Link, Text Input, Dropdown, Radio Button, Button"
HuggingFace_task-118,CLICK the profile ICON in the top right corner -> CLICK the 'Your profile' link from the dropdown -> CLICK on the 'cancer-classification2' dataset link -> CLICK the 'Settings' Link -> CLICK the 'enable access requests' button in gated user access,"Icon, Link, Link, Button"
HuggingFace_task-120,CLICK on the user profile ICON in the top right corner -> CLICK on the 'Settings' link from the dropdown menu -> CLICK on the 'Access Tokens' link in the left sidebar menu -> CLICK on the 'create new token' button -> SELECT 'Read' from the 'token type' Link menu -> ENTER 'read_token_8761' into the 'Name' token text input -> CLICK the 'Generate a token' button,"Icon, Link, Button, Dropdown, Text Input"
HuggingFace_task-121,CLICK User profile ICON in the top right corner -> CLICK Settings link -> CLICK Access Tokens link -> CLICK New token button -> SELECT 'write' from the 'token type' Link menu -> ENTER 'write_token8761' into Name text input -> CLICK Generate a token button,"Icon, Link, Button, Dropdown, Text Input"
HuggingFace_task-122,CLICK the user profile ICON in the top right corner -> CLICK the 'Settings' link from the dropdown menu -> CLICK the 'Access Tokens' link in the left-hand navigation menu -> CLICK the 'New token' button -> ENTER 'fine_grained_token_8761' into the 'Name' input field -> CHECK multiple scopes CHECKBOXES -> CLICK the 'Generate a token' button,"Icon, Link, Button, Text Input, Checkbox"
OpenStreetMap_task-91,CLICK the profile button in the top right corner -> CLICK the 'MY profile' button -> CLICK the 'Edit description' button -> CLEAR the 'Description' text area -> CLICK the 'update profile' button -> CLICK the 'edit profile details ' button -> CLICK the 'edit location' button -> ENTER 'USA' into the 'Home Location Name' text field -> CLICK the 'update profile ' button,"Button, Text Input, Text Input"
OpenStreetMap_task-92,CLICK the user profile button in the top right corner -> CLICK the 'My Account' link from the dropdown menu -> ENTER 'good_devil_buddy' into the 'Display Name' input field -> CLICK the 'Save changes' button,"Button, Link, Text Input"
Pinterest_task-61_OFF,CLICK the 'Settings' icon on the bottom left corner -> CLICK the 'Settings' option in the menu -> CLICK the 'Privacy and data' link -> CHECK the 'Use of partner info...' Checkbox -> CHECK the 'Ads about Pinterest...' CHECKBOX -> CONFIRM all other checkboxes are unchecked -> CLICK the save button,"Icon, Option, Link, Checkbox, Button"
Pinterest_task-61_ON,CLICK the 'Settings' icon on the bottom left corner -> CLICK the 'Settings' option in the menu -> CLICK the 'Privacy and data' link -> ENSURE the 'Use of partner info...' Checkbox is ticked -> ENSURE the 'Ads about Pinterest...' Checkbox is ticked -> UNCHECK all other checkboxes -> CLICK the save button,"Icon, Option, Link, Checkbox, Button"
Pinterest_task-62_OFF,CLICK the 'Settings' icon on the bottom left corner -> CLICK the 'Settings' option in the menu -> CLICK the 'Privacy and data' link -> ENSURE the 'Use your data to train Pinterest Canvas' is uncheked,"Icon, Option, Link, Checkbox"
Pinterest_task-62_ON,CLICK the 'Settings' icon on the bottom left corner -> CLICK the 'Settings' option in the menu -> CLICK the 'Privacy and data' link -> UNCHECK the 'Use your data to train Pinterest Canvas' CHECKBOX -> CLICK the save button,"Icon, Option, Link, Checkbox, Button"
Pinterest_task-63,CLICK the 'Settings' icon on the bottom left corner -> CLICK the 'Settings' option in the menu -> CLICK the 'Privacy and data' link -> CLICK the Request data button,"Icon, Option, Link, Button"
Pinterest_task-64_OFF,CLICK the 'Settings' icon on the bottom left corner -> CLICK the 'Settings' option in the menu -> CLICK the 'Privacy and data' link -> ENSURE the 'Use of partner info...' Checkbox is unchecked -> ENSURE the 'Sharing info with partners...' Checkbox is unchecked -> CLICK the save button,"Icon, Option, Link, Checkbox, Button"
Pinterest_task-64_ON,CLICK the 'Settings' icon on the bottom left corner -> CLICK the 'Settings' option in the menu -> CLICK the 'Privacy and data' link -> UNCHECK the 'Use of partner info...' Checkbox -> UNCHECK the 'Sharing info with partners...' Checkbox -> CLICK the save button,"Icon, Option, Link, Checkbox, Button"
Airbnb_task-106_OFF,CLICK hamburger menu -> CLICK Account settings -> CLICK Privacy -> VERIFY Read receipts toggle disabled,"Menu, Button, Toggle"
Airbnb_task-106_ON,CLICK hamburger menu -> CLICK Account settings -> CLICK Privacy -> DISABLE 'Read receipts' toggle,"Menu, Button, Toggle"
Airbnb_task-107_OFF,CLICK hamburger menu -> CLICK Account settings -> CLICK Privacy -> CONFIRM 'Include my listing(s)' toggle disabled,"Menu, Button, Toggle"
Airbnb_task-107_ON,CLICK hamburger menu -> CLICK Account settings -> CLICK Privacy -> DISABLE 'Include my listing(s)' toggle,"Menu, Button, Toggle"
Airbnb_task-108_OFF,CLICK hamburger menu -> CLICK Account settings -> CLICK Privacy -> ENABLE 'Show my trip type' toggle,"Menu, Button, Toggle"
Airbnb_task-108_ON,CLICK hamburger menu -> CLICK Account settings -> CLICK Privacy -> DISABLE other toggles -> CONFIRM 'Trip type' toggle ENABLED,"Menu, Button, Toggle"
Airbnb_task-111,CLICK hamburger menu -> CLICK Account settings -> CLICK Login & security -> CLICK Shared access Link -> CLICK Remove,"Menu, Button, Link, Link"
Amazon_task-86_OFF,CLICK Account & Lists dropdown -> CLICK Account -> CLICK Email subscriptions -> CLICK Browse all subscriptions -> ENABLE Kindle Flash CHECKBOX -> ENABLE Best of Books CHECKBOX -> ENABLE E-reader Newsletters CHECKBOX,"Dropdown, Link, Checkbox"
Amazon_task-86_ON,CLICK Account & Lists dropdown -> CLICK Account -> CLICK Email subscriptions -> CLICK Browse all subscriptions -> ENABLE Kindle Flash CHECKBOX -> ENABLE Best of Books CHECKBOX -> ENABLE E-reader Newsletters CHECKBOX,"Dropdown, Link, Checkbox"
Amazon_task-87_OFF,CLICK Account & Lists dropdown -> CLICK Account -> CLICK Email subscriptions -> CLICK Browse all subscriptions -> ENABLE Amazon Fresh toggle -> ENSURE Arts toggle disabled -> ENSURE Men's Fashion toggle disabled,"Dropdown, Link, Toggle"
Amazon_task-87_ON,CLICK Account & Lists dropdown -> CLICK Account -> CLICK Email subscriptions -> CLICK Browse all subscriptions -> ENABLE Amazon Fresh toggle -> DISABLE Arts toggle -> DISABLE Men's Fashion toggle,"Dropdown, Link, Toggle"
Pinterest_task-65_OFF,CLICK Settings icon -> CLICK Settings option -> CLICK Profile visibility -> ENABLE Private profile toggle -> ENABLE Search privacy toggle -> CLICK Save,"Icon, Option, Link, Toggle, Button"
Pinterest_task-65_ON,CLICK Settings icon -> CLICK Settings option -> CLICK Profile visibility Link -> ENABLE Private profile toggle -> ENABLE Search privacy toggle,"Icon, Option, Link, Toggle"
Pinterest_task-66_OFF,CLICK Settings icon -> CLICK Settings option -> CLICK Refine your recommendations -> CLICK GenAI interests Link -> DISABLE all toggle switches,"Icon, Option, Link, Link, Toggle"
Pinterest_task-66_ON,CLICK Settings icon -> CLICK Settings option -> CLICK Refine your recommendations -> CLICK GenAi interests Link -> DISABLE all toggle switches,"Icon, Option, Link, Link, Toggle"
Pinterest_task-67,CLICK Settings icon -> CLICK Settings option -> CLICK Social permissions -> CLICK Turn off radio buttons,"Icon, Option, Link, Radio Button"
Pinterest_task-68,CLICK Settings icon -> CLICK Settings option -> CLICK Security link -> CLICK show sessions -> CLICK End activity,"Icon, Option, Link, Button"
Pinterest_task-69,"CLICK Settings icon -> CLICK Settings option -> CLICK Social permissions -> ENABLE Filter comments toggle -> ENTER 'bad, wrong, terrible' -> CLICK Save","Icon, Option, Link, Toggle, Text Input, Button"
Pinterest_task-70_OFF,CLICK Settings icon -> CLICK Settings option -> CLICK Social permissions -> CONFIRM Autoplay videos Toggle DISABLED,"Icon, Option, Link, Toggle"
Pinterest_task-70_ON,CLICK Settings icon -> CLICK Settings option -> CLICK Social permissions -> DISABLE Autoplay videos toggle,"Icon, Option, Link, Toggle"
Amazon_task-190,CLICK Account & Lists dropdown -> CLICK Account -> CLICK Advertising preferences -> CLICK Do not show RADIO-BUTTON -> CLICK Submit,"Dropdown, Link, Radio Button, Button"
Amazon_task-88,CLICK Account & Lists dropdown -> CLICK Account -> CLICK advertising preferences -> CLICK Delete ad data,"Dropdown, Link, Button"
Amazon_task-89,CLICK Account & Lists dropdown -> CLICK switch profile -> CLICK Edit your profile -> CLICK profile 'White',"Dropdown, Link, Button, Option"
Moodle_task-205_ON,CLICK User icon dropdown -> CLICK prefrences -> CLICK Message preferences -> No action needed,"Dropdown, Link"
Moodle_task-205_OFF,CLICK User icon dropdown -> CLICK prefrences -> CLICK Message preferences -> CLICK My contacts only RADIO-BUTTON,"Dropdown, Link, Radio Button",,,,,TaskID,Ground Truth,UI Elements
Moodle_task-206_OFF,CLICK User icon dropdown -> CLICK Preferences -> CLICK Notification preferences -> ENABLE Email toggle -> CONFIRM Mobile toggle DISABLED -> CONFIRM Web toggle DISABLED -> ENABLE Email toggle -> CONFIRM Mobile toggle DISABLED -> CONFIRM Web toggle DISABLED,"Dropdown, Link, Toggle"
Moodle_task-206_ON,CLICK user menu -> CLICK Preferences -> CLICK Notification preferences -> DISABLE Web toggle -> DISABLE Mobile toggle -> ENABLE Email toggle -> DISABLE Web toggle -> DISABLE Mobile toggle -> ENABLE Email toggle,"Dropdown, Option, Link, Toggle"
Moodle_task-209,CLICK User icon dropdown -> CLICK Profile -> CLICK Browser sessions -> CLICK Log out for each devices,"Dropdown, Option, Link, Button"
Steam_task-191_OFF,CLICK profile name dropdown -> CLICK Account details -> CLICK cookies and browsing -> DISABLE Valve's Content toggle -> DISABLE Valve's Analytics toggle,"Dropdown, Link, Toggle"
Steam_task-191_ON,CLICK profile name dropdown -> CLICK Account details -> CLICK cookies and browsing -> DISABLE Valve's Content toggle -> DISABLE Valve's Analytics toggle,"Dropdown, Link, Toggle"
Steam_task-192_OFF,CLICK profile name dropdown -> CLICK Account details -> CLICK cookies and browsing -> SCROLL -> ENABLE YouTube toggle -> DISABLE Vimeo toggle -> DISABLE Sketchfab toggle,"Dropdown, Link, Toggle"
Steam_task-192_ON,CLICK profile name dropdown -> CLICK Account details -> CLICK cookies and browsing -> ENABLE YouTube toggle -> DISABLE Vimeo toggle -> DISABLE Sketchfab toggle,"Dropdown, Link, Toggle"
Steam_task-193_OFF,CLICK profile name dropdown -> CLICK Account details -> CLICK cookies and browsing -> TOGGLE Valve's Content OFF -> TOGGLE Valve's Analytics OFF -> TOGGLE Third Party OFF,"Dropdown, Link, Toggle"
Steam_task-193_ON,CLICK profile name dropdown -> CLICK Account details -> CLICK cookies and browsing -> CLICK Reject All OR TOGGLE Valve's Content OFF -> TOGGLE Valve's Analytics OFF -> TOGGLE Third Party OFF,"Dropdown, Link, Button, Toggle"
Steam_task-194,CLICK profile name dropdown -> CLICK Account details -> CLICK Store Preferences -> UNCHECK/CHECK Mature/Violence/Nudity CHECKBOXES,"Dropdown, Link, Option, Checkbox"
Steam_task-195,CLICK profile name dropdown -> CLICK Store Preferences -> CHECK/UNCHECK Nudity/Sexual Content CHECKBOXES,"Dropdown, Option, Checkbox"
Steam_task-196_OFF,CLICK profile name dropdown -> CLICK Store Preferences -> SCROLL -> CLICK Allow strong profanity RADIO-BUTTON -> DISABLE Do not filter CHECKBOX,"Dropdown, Option, Radio Button, Checkbox"
Steam_task-196_ON,CLICK profile name dropdown -> CLICK Store Preferences -> CLICK Allow strong profanity RADIO-BUTTON -> DISABLE Do not filter CHECKBOX,"Dropdown, Option, Radio Button, Checkbox"
Steam_task-197_OFF,"CLICK profile name dropdown -> CLICK Store Preferences -> SCROLL -> ENTER 'scam, spoiler' -> CLICK Add","Dropdown, Option, Text Input, Button"
Steam_task-197_ON,"CLICK profile name dropdown -> CLICK Store Preferences -> SCROLL -> ENSURE 'scam, spoiler' visible","Dropdown, Option, Text Input"
Steam_task-198_OFF,CLICK profile name dropdown -> CLICK Account details -> CLICK Manage Email Preferences -> ENABLE Steam Next Fest CHECKBOX -> ENABLE Theme fest CHECKBOX -> CLICK save,"Dropdown, Link, Checkbox, Button"
Steam_task-198_ON,CLICK profile name dropdown -> CLICK Account details -> CLICK Manage Email Preferences -> UNCHECK all -> CHECK Steam Next Fest -> CHECK Theme fest -> CLICK save,"Dropdown, Link, Checkbox, Button"
Steam_task-199,CLICK profile name dropdown -> CLICK Account details -> CLICK Manage Email Preferences -> DISABLE seasonal promotion CHECKBOX -> DISABLE Game-specific CHECKBOX -> CLICK Save,"Dropdown, Option, Link, Checkbox, Button"
Steam_task-200_OFF,CLICK profile name dropdown -> CLICK Account details -> CLICK Manage my email preferences -> VERIFY Opt out RADIO-BUTTON selected,"Dropdown, Link, Radio Button"
Steam_task-200_ON,CLICK profile name dropdown -> CLICK Account details -> CLICK Manage email preferences -> CLICK Opt out RADIO-BUTTON -> CLICK Save,"Dropdown, Link, Radio Button, Button"
USAToday_task-36_OFF,CLICK user name drodown -> CLICK Email Preferences -> CHECK unsubscribe CHECKBOX -> CLICK Save changes,"Dropdown, Link, Checkbox, Button"
USAToday_task-36_ON,CLICK user name dropdown -> CLICK Email Preferences -> CHECK unsubscribe CHECKBOX,"Dropdown, Link, Checkbox"
USAToday_task-37_OFF,CLICK user name drodown -> CLICK Email Preferences -> CHECK eNewspaper Daily CHECKBOX -> CONFIRM others unchecked -> CLICK save changes,"Dropdown, Link, Checkbox, Button"
USAToday_task-37_ON,CLICK user name drodown -> CLICK Email Preferences -> CHECK eNewspaper Daily CHECKBOX -> UNCHECK others -> CLICK Save Changes,"Dropdown, Link, Checkbox, Button"
Reddit_task-50_ON,CLICK Profile dropdown -> CLICK Settings -> CLICK Privacy -> DISABLE Personalize ads toggle,"Dropdown, Option, Link, Toggle"
Reddit_task-50_OFF,CLICK Profile dropdown -> CLICK Settings -> CLICK Privacy -> Toggle disabled,"Dropdown, Option, Link, Toggle"
Reddit_task-51_ON,CLICK Profile dropdown -> CLICK Settings -> CLICK Privacy -> DISABLE Allow people to follow you toggle,"Dropdown, Option, Link, Toggle"
Reddit_task-51_OFF,CLICK Profile dropdown -> CLICK Settings -> CLICK Privacy -> Toggle disabled,"Dropdown, Option, Link, Toggle"
Reddit_task-52_ON,CLICK Profile dropdown -> CLICK Settings -> CLICK Privacy -> DISABLE Show up in search results toggle,"Dropdown, Option, Link, Toggle"
Reddit_task-52_OFF,CLICK Profile dropdown -> CLICK Settings -> CLICK Privacy -> Toggle enabled,"Dropdown, Option, Link, Toggle"
Reddit_task-53_ON,CLICK Profile dropdown -> CLICK Settings -> CLICK Preferences -> DISABLE Show mature content toggle,"Dropdown, Option, Link, Toggle"
Reddit_task-53_OFF,CLICK Profile dropdown -> CLICK Settings -> CLICK Preferences -> Toggle enabled,"Dropdown, Option, Link, Toggle"
Reddit_task-54_ON,CLICK Profile dropdown -> CLICK Settings -> CLICK Notifications -> CLICK New followers -> CLICK Inbox -> CLICK Save,"Dropdown, Option, Link, Button"
Reddit_task-55_ON,CLICK Profile dropdown -> CLICK Settings -> CLICK Notifications -> CLICK Cake day -> CLICK All Off -> CLICK Save,"Dropdown, Option, Link, Button"
Pinterest_task-218,CLICK Profile dropdown -> CLICK Log out,"Dropdown, Option"
Airbnb_task-219,CLICK Hamburger menu dropdown -> CLICK Log out,"Dropdown, Option"
HuggingFace_task-220,CLICK Profile dropdown -> CLICK Sign out,"Dropdown, Option"
Amazon_task-221,CLICK Profile Dropdown -> CLICK Sign out,"Dropdown, Option"
Duolingo_task-103_OFF,"CLICK the 'More' dropdown in the sidebar -> CLICK Settings option -> CLICK the Privacy settings Link -> DISABLE the 'Make my profile public' toggle if not already DISABLED","Dropdown, Option, Link, Toggle"
Duolingo_task-103_ON,"CLICK the 'More' dropdown in the sidebar -> CLICK Settings link -> CLICK Privacy link -> DISABLE Make my profile public toggle switch -> CLICK Save changes button","Dropdown, Option, Link, Toggle, Button"
Duolingo_task-104_OFF,"CLICK the 'More' dropdown in the sidebar -> CLICK 'Settings link' -> CLICK 'Privacy settings link' -> DISABLE the 'Personalized ads toggle' if not already DISABLED","Dropdown, Option, Link, Toggle"
Duolingo_task-104_ON,"CLICK the 'More' dropdown in the sidebar -> CLICK 'Settings link' -> CLICK 'Privacy settings link' -> DISABLE Personalized ads toggle switch","Dropdown, Option, Link, Toggle"
Duolingo_task-105_OFF,"CLICK the 'More' dropdown in the sidebar -> CLICK the 'Settings' link from the dropdown menu -> CLICK the 'Notifications' link in the right-hand side navigation -> CHECK the 'Weekly progress' CHECKBOX -> CHECK the 'Daily reminders' CHECKBOX","Dropdown, Option, Link, Checkbox"
Duolingo_task-105_ON,"CLICK the 'More' dropdown in the sidebar -> CLICK the 'Settings' link from the dropdown menu -> CLICK the 'Notifications' link in the right-hand side navigation -> UNCHECK all the CHECKBOX's -> CHECK the 'Weekly progress' CHECKBOX -> CHECK the 'Daily reminders' CHECKBOX","Dropdown, Option, Link, Checkbox"
Duolingo_task-222,CLOSE lessons -> CLICK Meatball icon on sidebar -> CLICK Log out,"Icon, Option"
Wattpad_task-223_ON,CLICK Profile dropdown -> CLICK Settings -> CLICK Notifications -> CLICK Conversation Replies -> DISABLE Push -> DISABLE Feed -> DISABLE Email,"Dropdown, Option, Link, Toggle"
Wattpad_task-223_OFF,CLICK Profile dropdown -> CLICK Settings -> CLICK Notifications -> CLICK Conversation Replies -> Toggles disabled,"Dropdown, Option, Link, Toggle"
Wattpad_task-224_ON,CLICK Profile dropdown -> CLICK Settings -> CLICK Notifications -> CLICK Conversation Replies -> DISABLE Push -> GOBACK -> Push enabled,"Dropdown, Option, Link, Toggle"
Wattpad_task-224_OFF,CLICK Profile dropdown -> CLICK Settings -> CLICK Notifications -> CLICK Story Published -> ENABLE Push -> GOBACK -> Push disabled,"Dropdown, Option, Link, Toggle"
Wattpad_task-225_ON,CLICK Profile dropdown -> CLICK Settings -> CLICK Notifications -> CLICK Coin Promotions -> DISABLE Push -> DISABLE Feed -> GOBACK -> Push enabled,"Dropdown, Option, Link, Toggle"
Wattpad_task-225_OFF,CLICK Profile dropdown -> CLICK Settings -> CLICK Notifications -> CLICK Story Published -> ENABLE Push -> ENABLE EMAIL -> GOBACK -> CLICK Coin Promotions -> ENABLE Email,"Dropdown, Option, Link, Toggle"
Twitch_task-226,CLICK Profile dropdown -> CLICK Settings -> CLICK Security and Privacy -> CLICK Show Blocked Users -> CLICK unblock,"Dropdown, Option, Link, Button"
Twitch_task-227_ON,CLICK Profile Dropdown -> CLICK Settings -> CLICK Security and Privacy -> DISABLE Hide Founder Badge -> ENABLE Block Whispers,"Dropdown, Option, Link, Toggle"
Twitch_task-227_OFF,CLICK Profile Dropdown -> CLICK Settings -> CLICK Security and Privacy -> ENABLE Block Whispers -> DISABLE Hide Founders Badge,"Dropdown, Option, Link, Toggle"
Twitch_task-228_ON,CLICK Profile dropdown -> CLICK Settings -> CLICK Security and Privacy -> ENABLE Block Receiving Gifts -> ENABLE Hide Progressive Gifter Badge,"Dropdown, Option, Link, Toggle"
Twitch_task-228_OFF,CLICK Profile dropdown -> CLICK Settings -> CLICK Security and Privacy -> ENABLE Block Receiving Gifts -> ENABLE Hide Progressive Gifter Badge,"Dropdown, Option, Link, Toggle"
Twitch_task-230,CLICK Profile dropdown -> CLICK Settings -> CLICK Security and Privacy -> CLICK Nobody can mention me RADIO-BUTTON -> CLICK Nobody can reshare RADIO-BUTTON,"Dropdown, Option, Link, Radio Button"
Twitch_task-231,CLICK Profile dropdown -> CLICK Settings -> CLICK Security and Privacy -> CLICK People I follow can share RADIO-BUTTON,"Dropdown, Option, Link, Radio Button"
Twitch_task-232_ON,CLICK Profile dropdown -> CLICK Settings -> CLICK Content Preferences -> ENABLE all toggles,"Dropdown, Option, Link, Toggle"
Twitch_task-232_OFF,CLICK Profile dropdown -> CLICK Settings -> CLICK Content Preferences -> ENABLE all toggles,"Dropdown, Option, Link, Toggle"
Twitch_task-233_ON,CLICK Profile dropdown -> CLICK Settings -> CLICK Content Preferences -> ENABLE Hide Sexual Themes -> Blur Sexual Themes stale,"Dropdown, Option, Link, Toggle"
Twitch_task-233_OFF,CLICK Profile dropdown -> CLICK Settings -> CLICK Content Preferences -> ENABLE Hide Sexual Themes -> Blur Sexual Themes stale,"Dropdown, Option, Link, Toggle"
Quora_task-76_OFF,"CLICK the 'Profile' icon dropdown -> CLICK 'Settings' option -> CLICK the 'Privacy' link -> 'Allow search engines to index your name.' switch should already be disabled","Dropdown, Option, Link, Toggle"
Quora_task-76_ON,"CLICK the 'Profile' icon dropdown -> CLICK 'Settings' option -> CLICK 'Privacy' link -> DISABLE the 'Allow search engines to index your name' toggle switch","Dropdown, Option, Link, Toggle"
Quora_task-77,"CLICK the 'Profile' icon dropdown -> CLICK the 'Settings' option -> CLICK the 'Privacy' link -> SELECT 'Only allow people you follow to comment on your answers and posts' RADIO-BUTTON","Dropdown, Option, Link, Radio Button"
Quora_task-78_OFF,"CLICK the 'Profile' icon dropdown -> CLICK the 'Settings' option -> CLICK the 'Email & notifications' link -> ENABLE the 'Comments and replies' toggle switch -> ENABLE the 'New followers' toggle switch -> The 'Upvotes' toggle is already DISABLED","Dropdown, Option, Link, Toggle"
Quora_task-78_ON,"CLICK the 'Profile' icon dropdown -> CLICK the 'Settings' option -> CLICK the 'Email & Notifications' link -> CONFIRM the 'Comments and replies' toggle switch is ENABLED -> CONFIRM the 'New followers' toggle switch is ENABLED -> DISABLE the 'Upvotes' toggle switch","Dropdown, Option, Link, Toggle"
Quora_task-79,"CLICK the 'Profile' icon dropdown -> CLICK 'Settings' option -> CLICK 'Email & Notifications' link -> DISABLE the 'Spaces for you' toggle switch -> SELECT 'Weekly' from the 'Quora Digest' RADIO-BUTTON","Dropdown, Option, Link, Toggle, Radio Button"
Quora_task-80,"CLICK the 'Profile' icon dropdown -> CLICK 'Settings' option -> CLICK 'Privacy' link -> SELECT 'Only allow people you follow to comment on your answers and posts' RADIO-BUTTON","Dropdown, Option, Link, Radio Button"
Quora_task-81_OFF,"CLICK the 'Profile' icon dropdown -> CLICK 'Settings' option -> CLICK 'Privacy' link -> DISABLE the 'Allow language models to be trained on your content' toggle switch if not already DISABLED","Dropdown, Option, Link, Toggle"
Quora_task-81_ON,"CLICK the 'Profile' icon dropdown -> CLICK 'Settings' option -> CLICK 'Privacy' link -> DISABLE 'Allow language models to be trained on your content' toggle switch","Dropdown, Option, Link, Toggle"